-- phpMyAdmin SQL Dump
-- version 5.0.3
-- https://www.phpmyadmin.net/
--
-- Servidor: 127.0.0.1
-- Tiempo de generación: 30-11-2020 a las 19:30:44
-- Versión del servidor: 10.4.14-MariaDB
-- Versión de PHP: 7.4.11

SET SQL_MODE = "NO_AUTO_VALUE_ON_ZERO";
START TRANSACTION;
SET time_zone = "+00:00";


/*!40101 SET @OLD_CHARACTER_SET_CLIENT=@@CHARACTER_SET_CLIENT */;
/*!40101 SET @OLD_CHARACTER_SET_RESULTS=@@CHARACTER_SET_RESULTS */;
/*!40101 SET @OLD_COLLATION_CONNECTION=@@COLLATION_CONNECTION */;
/*!40101 SET NAMES utf8mb4 */;

--
-- Base de datos: `myebook`
--

-- --------------------------------------------------------

--
-- Estructura de tabla para la tabla `categoria`
--

CREATE TABLE `categoria` (
  `id` tinyint(4) UNSIGNED NOT NULL,
  `nombre` varchar(25) COLLATE utf8_spanish_ci DEFAULT NULL
) ENGINE=MyISAM DEFAULT CHARSET=utf8 COLLATE=utf8_spanish_ci;

--
-- Volcado de datos para la tabla `categoria`
--

INSERT INTO `categoria` (`id`, `nombre`) VALUES
(1, 'recomendados'),
(2, 'vendidos'),
(3, 'nuevo'),
(4, 'promociones');

-- --------------------------------------------------------

--
-- Estructura de tabla para la tabla `libro`
--

CREATE TABLE `libro` (
  `id` int(10) UNSIGNED NOT NULL,
  `nombre` varchar(60) COLLATE utf8_spanish_ci NOT NULL,
  `autor` varchar(35) COLLATE utf8_spanish_ci NOT NULL,
  `descripcion` varchar(3000) COLLATE utf8_spanish_ci NOT NULL,
  `precio` decimal(6,2) NOT NULL DEFAULT 0.00,
  `destacado` tinyint(4) UNSIGNED NOT NULL,
  `categoria_id` tinyint(4) UNSIGNED NOT NULL
) ENGINE=MyISAM DEFAULT CHARSET=utf8 COLLATE=utf8_spanish_ci;

--
-- Volcado de datos para la tabla `libro`
--

INSERT INTO `libro` (`id`, `nombre`, `autor`, `descripcion`, `precio`, `destacado`, `categoria_id`) VALUES
(1, 'The Swallows: A Novel', 'Lisa Lutz', 'Cuando Alexandra Witt se une a la facultad de Stonebridge Academy, espera dejar atrás un doloroso pasado. Luego, una de sus tareas de escritura creativa genera algunas respuestas inquietantes de los estudiantes. En poco tiempo, Alex se ve inmerso en una investigación de los estudiantes en la cima de la jerarquía social de la escuela y su conexión con algo llamado el cuarto oscuro. Pronto inspira a las niñas que han comenzado a cuestionar la actitud de la escuela de \"los niños serán niños\" e incita a la resistencia. Pero justo cuando el movimiento está ganando impulso, Alex atrae la atención de un enemigo desconocido que sabe demasiado sobre ella, y lo que la llevó a Stonebridge en primer lugar.\n\nMientras tanto, Gemma, una desafiante senior, ha estado planeando su ataque durante años, esperando el momento adecuado. El tímido y solitario Norman odia su papel en el cuarto oscuro, pero no puede encontrar el valor para luchar hasta que forme una alianza poco probable. Y luego está Finn Ford, un profesor de inglés con una reputación turbia, que mantiene un ojo en sus ambiciones literarias y otro en la Sra. Witt. A medida que los secretos de la escuela comienzan a salir a la luz, una escaramuza de niños contra niñas se convierte en una guerra total, con consecuencias profundamente personales y potencialmente fatales para todos los involucrados.\n\nLa apasionante y oportuna historia de venganza e interrupción de Lisa Lutz nos muestra lo que puede suceder cuando el silencio prevalece sobre la decencia durante demasiado tiempo, y por qué la amenaza más aterradora de todas podría ser la idea de que, tarde o temprano, las niñas serán niñas.', '231.50', 1, 1),
(2, 'Harry Potter and the Chamber of Secrets', 'J. K. Rowlling', 'Los Dursley eran tan malos y horribles ese verano que todo lo que Harry Potter quería era volver a la Escuela Hogwarts de Magia y Hechicería. Pero justo cuando está haciendo las maletas, Harry recibe una advertencia de una criatura extraña y traviesa llamada Dobby que dice que si Harry Potter regresa a Hogwarts, el desastre se producirá.\n\nY huelga lo hace. Porque en el segundo año de Harry en Hogwarts, surgen nuevos tormentos y horrores, incluido un nuevo profesor escandalosamente engreído, Gilderoy Lockhart, un espíritu llamado Moaning Myrtle que frecuenta el baño de las niñas, y las atenciones no deseadas de la hermana menor de Ron Weasley, Ginny.\n\nPero cada uno de estos parecen molestias menores cuando comienza el verdadero problema, y ​​alguien, o algo, comienza a convertir a los estudiantes de Hogwarts en piedra. ¿Podría ser Draco Malfoy, un rival más venenoso que nunca? ¿Podría ser Hagrid, cuyo misterioso pasado finalmente se cuenta?.', '480.00', 1, 1),
(3, 'The War Of The Worlds', 'H.G Wells', 'La primera historia moderna de invasión alienígena, La guerra de los mundos de HG Wells sigue siendo una de las novelas de ciencia ficción más influyentes jamás publicadas.\nLa noche después de que se ve una estrella fugaz atravesando el cielo desde Marte, se descubre un cilindro en Horsell Common en Londres. Al principio, los lugareños ingenuos se acercan al cilindro armados solo con una bandera blanca, solo para ser asesinados rápidamente por un rayo de calor que lo destruye todo, mientras emergen terroríficos invasores con tentáculos. Pronto toda la civilización humana se verá amenazada, ya que los poderosos marcianos construyen gigantescas máquinas de matar, destruyen todo a su paso con gas negro y rayos ardientes, y se deleitan con la sangre caliente de presas humanas atrapadas y aún vivas. Sin embargo, las fuerzas de la Tierra pueden resultar más difíciles de vencer de lo que parecen a primera vista. La guerra de los mundosha sido objeto de innumerables adaptaciones, incluido un drama de radio de Orson Welles que causó pánico masivo cuando se transmitió, y los oyentes lo confundieron con una transmisión de noticias que anunciaba una invasión alienígena; una versión musical de Jeff Wayne; y, más recientemente, la versión cinematográfica de 2005 de Steven Spielberg, protagonizada por Tom Cruise.\n\nEsta edición de Penguin Classics incluye un ensayo biográfico completo sobre Wells, una lista de lectura adicional y notas detalladas. La introducción, de Brian Aldiss, considera la visión de la novela sobre la religión y la sociedad.', '580.00', 1, 1),
(4, 'Zombie In A Spacesuit', 'Mike Johnson', 'En la antigua India, el principal discípulo de Buda, Ananda, se enamora de una mujer de corazón tierno que le hace cuestionar la naturaleza del deseo. En nuestro mundo contemporáneo, un héroe anónimo cruza la ciudad para una misteriosa entrevista y conoce, de la forma más inverosímil, a su eterna amante. Al final de los tiempos, en el espacio profundo, el intrépido Capitán Nortikiss no solo debe lidiar con extraterrestres de otra dimensión, sino también luchar con un zombi en un traje espacial que lo ama', '451.50', 1, 1),
(5, 'The Woman In Our House', 'Andrew Hart', 'Anna Klein está lista para volver a trabajar como agente literaria por primera vez desde que tuvo hijos. Ella y su esposo, Josh, deciden contratar a una niñera con cierta inquietud, pero todos sus recelos desaparecen tan pronto como conocen a Oaklynn Durst. Tiene referencias estelares, una disposición tranquila y una forma natural con los niños. Sin mencionar que sus hijos simplemente la adoran.\n\nPero no mucho después de la llegada de Oaklynn, los niños comienzan a sufrir las enfermedades más desconcertantes y las lesiones inexplicables. Cuando el Oaklynn materno está ahí para consolar a todos, Anna no puede evitar sentirse un poco eclipsada. Y sospechoso. Su esposo y sus amigos le aseguran que sus ansiedades están ganando lo mejor de ella: Oaklynn es perfecta. Pero Anna no está tan segura ...\n\nMientras se adentra en el pasado de Oaklynn, descubre demasiado tarde que la mujer que ha estado viviendo en su casa no es en absoluto quien dice ser. Pero Oaklynn no es el único que ha estado mintiendo. Y cuando los oscuros secretos de todos salen a la luz a la luz, las consecuencias pueden volverse mortales.', '269.80', 1, 1),
(6, 'No Place Like Here', 'Christina June', 'Ashlyn Zanotti tiene grandes planes para el verano. Acaba de pasar un año en un internado y está ansiosa por llegar a casa. Pero cuando el padre de Ashlyn es arrestado por evasión de impuestos y su madre ingresa a un centro de rehabilitación por \"agotamiento\", también conocido como depresión, su vida da un vuelco. ¿La cereza encima? El padre de Ashlyn la envía a trabajar con un primo que ni siquiera conoce en un rústico centro de retiro de trabajo en equipo en medio de la nada. Una autoproclamada \"chica de interior\", ni siquiera el hábito de Ash de dejar citas de miga de pan, dichos inspiradores que garabatea en todas partes, puede ayudarla a sobrellevar la situación. Con un director de campo peligrosamente descuidado repartiendo trabajo pesado, un padre autoritario que intenta controlarla incluso desde la prisión, y más que un drama de niño pequeño con el que luchar, el verano está lleno de desafíos. Y Ashlyn debe tomar la decisión más difícil de su vida: quedarse callada y seguir las órdenes de marcha de su padre, o encontrar el coraje para finalmente enfrentarse a su padre y tener alguna esperanza de encontrar el camino de regreso a casa.', '328.60', 1, 1),
(7, 'The Perfect Child', 'Lucinda Berry', 'Un debut de suspenso sobre una joven pareja desesperada por tener un hijo propio y las inquietantes consecuencias de obtener lo que siempre quisieron.\n\nChristopher y Hannah son un cirujano y una enfermera felizmente casados con vidas perfectas. Todo lo que falta es un niño. Cuando Janie, una niña abandonada de seis años, aparece en su hospital, Christopher establece una conexión instantánea con ella y convence a Hannah de que deben llevarla a casa como propia.\n\nPero Janie no es una niña normal y su psique dañada demuestra ser más de lo que esperaban sus nuevos padres. Janie es ferozmente devota de Christopher, pero se comporta de maneras cada vez más inquietantes, dirigiendo toda su rabia hacia Hannah. Incapaz de vincularse con Janie, Hannah se está ahogando bajo la presión y Christopher se niega a ver la verdadera naturaleza de Janie.', '287.80', 1, 1),
(8, 'Saving Noah', 'Lucinda Berry', 'Desde que Lionel Shriver nos trajo Necesitamos hablar de Kevin, un escritor no profundizó en las complejidades de una relación perturbada entre madre e hijo. Hasta ahora.\n\nConoce a Noah, un estudiante del cuadro de honor A, nadador galardonado y estrella de un pequeño pueblo destinado a la grandeza. No había señales de que algo andaba mal hasta el día en que confiesa haber abusado sexualmente de niñas durante la práctica del equipo de natación. Está condenado a dieciocho meses en un centro de rehabilitación sexual juvenil.\n\nSu madre, Adrianne, se niega a darle la espalda a pesar de sus horribles crímenes, pero su esposo no permitirá que Noah vuelva a su casa. En una serie de revelaciones impactantes y demoledoras, Adrianne se ve obligada a tomar la decisión más difícil de su vida. ¿Hasta dónde llegará para proteger a su hijo?', '105.80', 1, 1),
(9, 'A Promised Land', 'Barack Obama', 'En el conmovedor y muy esperado primer volumen de sus memorias presidenciales, Barack Obama cuenta la historia de su improbable odisea desde el joven que busca su identidad hasta el líder del mundo libre, describiendo con sorprendente detalle personal tanto su educación política como los momentos históricos de el primer período de su histórica presidencia, una época de dramática transformación y agitación.\n\nObama lleva a los lectores a un viaje apasionante desde sus primeras aspiraciones políticas hasta la victoria fundamental del caucus de Iowa que demostró el poder del activismo de base hasta la noche decisiva del 4 de noviembre de 2008, cuando fue elegido 44 ° presidente de los Estados Unidos, convirtiéndose en el primer africano Estadounidense para ocupar el cargo más alto de la nación.\n\nReflexionando sobre la presidencia, ofrece una exploración única y reflexiva tanto del alcance asombroso como de los límites del poder presidencial, así como una visión singular de la dinámica de la política partidista estadounidense y la diplomacia internacional.', '540.00', 1, 1),
(10, 'The House Guest', 'Mark Edwards', 'Un verano perfecto. Un perfecto extraño. Una perfecta pesadilla.\nCuando a los veinteañeros británicos Ruth y Adam se les ofrece la oportunidad de pasar el verano cuidando una casa en Nueva York, no pueden decir que no. Jóvenes, enamorados y en la cúspide del éxito profesional, sienten que la suerte finalmente está de su lado.\n\nAsí que en el momento en que Eden aparece en la puerta, empapado por una tormenta de verano, parece correcto compartir un poco de esa buena fortuna. Bella y carismática, Eden dice ser amiga de los propietarios, quienes le dijeron que podía quedarse cuando estuviera en Nueva York.\nSaben que se supone que no debes hablar con extraños, y mucho menos invitarlos a tu casa, pero después de todo, Eden es solo una extraña hasta que la conocen.', '110.00', 1, 1),
(11, 'For the Best', 'Vanessa Lillie', 'Sospechada de un asesinato que no puede recordar, una mujer con problemas adopta un enfoque inusual para demostrar su inocencia en este apasionante thriller del exitoso autor de Little Voices.\nCuando la billetera de Jules Worthington-Smith se encuentra junto a un hombre muerto, ella se convierte en la principal sospechosa de su asesinato. Después de luchar durante años para construir la familia y la carrera perfectas, está peligrosamente cerca de perderlo todo.\n\nSeguro de su inocencia, Jules está desesperado por limpiar su nombre. Pero hay un gran problema: estaba borracha cuando se produjo el asesinato y no puede recordar lo que pasó.\n\nInsatisfecha con el manejo del caso por parte de la policía, Jules se embarca en su propia investigación de asesinato impulsada por la ginebra. A medida que descubre nuevas pistas, comienza un vlog de crímenes reales que se convierte en una sensación viral y la empuja a la vista del público.', '239.80', 1, 1),
(12, 'What Remains True', 'Janis Thomas', 'En este fascinante drama, un evento que altera la vida catapulta a una familia a la confusión y revela secretos que pueden dejarlos fracturados para siempre. . . o unirlos con más fuerza que nunca.\n\nDesde el exterior, los Davenport se parecen a cualquier otra familia que lleva una vida completamente normal, hasta ese día devastador en el que matan a Jonah, de cinco años, y la familia se deshace. A medida que la furia de la culpa los envuelve, los Davenport comienzan a deshacerse lentamente, uno por uno.\n\nLa pérdida de su hijo obliga a Rachel a retirarse a una realidad difusa y deshilachada. Su esposo, Sam, intenta permanecer estoico, pero lo consume el arrepentimiento por las decisiones que ha tomado. Eden está de luto por su hermano, mientras lucha desesperadamente por recuperar la normalidad. Y la tía Ruth, la hermana de Rachel, trabaja demasiado para cuidar de la familia, incluso cuando sus propios problemas personales la persiguen.', '131.20', 1, 1),
(13, 'Little Voices', 'Vanessa Lillie', 'La voz en su cabeza dice que es culpable. Ella sabe que es inocente.\n\nDevon Burges está en medio de un parto de alto riesgo cuando se entera del asesinato de su querida amiga. La policía rápidamente nombra a otro amigo como el principal sospechoso, pero Devon no lo cree y, a pesar de su difícil recuperación, decide investigar.\n\nAtormentada por los problemas posparto que se manifiestan como una voz cruel en su cabeza, Devon apenas se las arregla. Sin embargo, sus instintos siguen siendo agudos y está empeñada en demostrar la inocencia de su amiga.\n\nPero a medida que Devon indaga en la evidencia, la voz en su cabeza se vuelve más insistente, el peligro más intenso. Cada capa es más oscura, más inquietante y no está segura de que ella, o su bebé, puedan sobrevivir a lo que miente en la verdad.', '155.00', 2, 2),
(14, '1984 (Signet Classics)', 'George Orwell', 'Escrita hace más de 70 años, 1984 fue la escalofriante profecía de George Orwell sobre el futuro. Y aunque 1984 llegó y se fue, su visión distópica de un gobierno que hará cualquier cosa para controlar la narrativa es más oportuna que nunca ...\n- Nominada como una de las novelas más queridas de Estados Unidos por The Great American Read de PBS -\n\n\"El Partido le dijo que rechazara la evidencia de sus ojos y oídos. Fue su comando final y más esencial\".\n\nWinston Smith sigue la línea del Partido, reescribiendo la historia para satisfacer las demandas del Ministerio de la Verdad. Con cada mentira que escribe, Winston llega a odiar al Partido que busca el poder por sí mismo y persigue a quienes se atreven a cometer crímenes de pensamiento. Pero cuando comienza a pensar por sí mismo, Winston no puede escapar del hecho de que el Gran Hermano siempre está mirando ...', '225.00', 2, 2),
(15, 'Fahrenheit 451', 'Ray Bradbury', 'La historia de un sombrío y aterrador futuro\nGuy Montag pertenece a una extraña brigada de bomberos. Su misión, paradójicamente, no es la de sofocar incendios sino la de provocarlos para quemar libros. Ha sido bombero durante más de 10 años, y siempre le gustó su trabajó. Nunca cuestionó nada --ni la emoción de las salidas a medianoche ni el placer de ver las hojas arder-- hasta que conoció a una niña de diecisiete años que le mostró un pasado en el que la gente no tenía miedo y a un profesor que le habló de un futuro en el que la gente podría ser libre. Y al fin Montag comprendió lo que tenía que hacer.\n\nFahrenheit 451, la novela más célebre del maestro de la ciencia ficción, nos presenta un futuro perturbador: un mundo en el que los libros y la lectura están prohibidos. Porque leer obliga a pensar, y en ese mundo está prohibido pensar. Porque leer impide ser ingenuamente feliz, y en ese mundo hay que ser feliz a la fuerza.', '138.80', 2, 2),
(16, 'Appetite for Innocence', 'Lucinda Berry', 'Un violador en serie está secuestrando a chicas adolescentes. Pero él no está interesado en cualquier adolescente, solo vírgenes. Los caza siguiendo sus actualizaciones de estado y comprobaciones en las redes sociales. Una vez que los ha capturado, están encerrados en su sótano a prueba de sonido hasta que estén arreglados y listos. Los tira como pedazos de basura después de haber robado su inocencia. Nadie escapa vivo. Hasta Ella. Ella arriesga todo para escapar, liberándose a ella y a las otras chicas. Pero solo Sarah, la chica que ha estado cautiva por más tiempo, sale con ella. Las niñas son hospitalizadas y rodeadas por agentes del FBI que no se detendrán ante nada para encontrar al hombre responsable. Ella y Sarah son la clave de su investigación, pero Sarah esconde algo y no pasa mucho tiempo antes de que Ella descubra que su pesadilla está lejos de terminar.', '309.10', 2, 2),
(17, 'Missing Parts', 'Lucinda Berry', 'Al crecer abandonada por su padre y criada por una madre soltera, Celeste estaba decidida a crear la familia perfecta, pero incluso las familias perfectas tienen secretos. Los días de Celeste están llenos de una carrera gratificante, un esposo devoto y su hija de cuatro años. Solo Celeste conoce el precario castillo de naipes sobre el que está construida su familia hasta el día en que su hija cae gravemente enferma. El mundo de Celeste se sale de control rápidamente cuando su secreto amenaza con destruir su matrimonio, familia, reputación y cordura. Ella hará todo lo posible para proteger a su familia, tomar cualquier riesgo, violar cualquier ley, cualquier cosa excepto decir la verdad.', '312.00', 2, 2),
(18, 'I Know Who You Are', 'Alice Feeney', 'Conoce a Aimee Sinclair: la actriz que todo el mundo cree conocer pero no recuerda de dónde.', '299.99', 2, 2),
(19, 'The Shadows', 'Alex North ', 'Conociste a un adolescente como Charlie Crabtree. Una imaginación oscura, una sonrisa siniestra, siempre en el exterior del grupo. Una parte de ti sospechaba que podría ser capaz de hacer algo horrible. Hace veinticinco años, Crabtree hizo precisamente eso, cometiendo un asesinato tan impactante que atrajo ese extraño tipo de infamia que solo existe en los rincones más oscuros de Internet, e inspiró a más de un imitador.', '405.20', 2, 2),
(20, 'The Loyal Wife', 'Natalie Barelli', 'Tamra nunca soñó que se casaría con alguien como Mike Mitchell: guapo, rico, un marido maravilloso ... hasta que descubre que Mike está teniendo una aventura.', '554.00', 2, 2),
(21, 'The Empty Nest', 'Sue Watson', 'Kat recuerda los días en que su única hija, Amy, no se apartaba de ella. Amy era la bebé que lloraba cuando salías de la habitación, la niña pequeña que era demasiado tímida para hablar con extraños, la niña pequeña que se aferraba a las piernas de Kat en el patio de la escuela.', '263.20', 2, 2),
(22, 'Plagio: Una novela', 'Héctor Aguilar Camín', 'El lunes anunciaron que se había ganado un premio literario. El martes lo acusaron de haberse plagiado unos artículos periodísticos. El jueves lo acusaron de haberse plagiado también el tema de la novela premiada. El lunes siguiente setenta y nueve escritores firmaron una carta exigiendo que devolviera el premio y que renunciara a su puesto en la universidad, un pequeño imperio. El miércoles renunció al premio y al puesto. El mismo miércoles supo que su mujer tenía tratos con el instigador de la campaña en su contra. El lunes de la siguiente semana le llevaron la grabación de una llamada entre su mujer y su rival. El jueves su rival amaneció acuchillado. El viernes lo visitó la policía.', '229.00', 3, 3),
(23, 'Confianza ciega', 'John Katzenbach', 'Cuando Maeve desaparece sin dejar rastro, su hija Sloane no se sorprende: si su madre tenía que desaparecer, solo podía ser en extrañas circunstancias. Sin embargo, esta vez es distinto: al cabo de unos días de la desaparición de su progenitora, Sloane recibe un paquete que esta misma le ha mandado, con varios miles de dólares, la escritura de su casa y un arma. También hay una nota con las siguientes palabras: Vén delo todo. Quédate la pistola. Practica. Huye. Ahora. A solo dos semanas de graduarse como arquitecta y en medio de esta encrucijada personal, Sloane recibe la oferta de trabajo de un misterioso millonario que quiere construir seis memoriales para seis personas que murieron, de nuevo, en extrañas circunstancias. A medida que Sloane investiga esas muertes, el consejo de su madre se hace cada vez más presente. ¿En quién puede confiar ahora Sloane? ¿Tendrá tiempo de seguir las indicaciones de su madre cuando llegue al final del laberinto que ha ido creando su siniestro empleador?', '450.00', 3, 3),
(24, 'Exhalación', 'Ted Chiang', '\"¿Creías que no te gustaba la ciencia ficción? El nuevo libro del autor que inspiró la película La llegada, escogido por The New York Times como uno de los libros del año ¿Qué pasaría si un inocente juguete dinamitara nuestra noción de libre albedrío? ¿Y si fuera posible ponerse en contacto con versiones de nosotros mismos en otras líneas temporales? Si creáramos mascotas virtuales provistas de una inteligencia artificial que les permitiera aprender como si fueran niños humanos, ¿qué clase de compromiso ético deberíamos asumir con su educación y su futuro? ¿Y qué ocurriría si pudiéramos vislumbrar cualquier episodio de nuestra vida tal como sucedió, sin el matiz afectivo y el sesgo interpretativo de lo que llamamos «recuerdos»? No importa cuál sea el tema que trate Ted Chiang en sus narraciones, siempre demuestra una formidable habilidad para indagar en los enigmas de la condición humana y abordar los conflictos éticos que la relación con la tecnología plantea en nuestra existencia. Lejos del enfoque distópico hoy predominante en las narraciones futuristas, las historias de Chiang muestran una perspectiva abiertamente positiva y vitalista, delineando preguntas filosóficas de un enorme calado humano. Ted Chiang es uno de los nombres insoslayables de la ciencia ficción, género en el que desde hace años goza del más sólido prestigio, como atestigua la infinidad de premios que su obra ha recibido; reveladores, elegantes y sorprendentes, los relatos de Exhalación lo sitúan, sencillamente, entre los autores indiscutibles de la literatura estadounidense actual.\"', '350.00', 3, 3),
(25, '¡Fuera de aqui, horrible mounstro verde!', 'Ed Emberley', '¿Qué tiene una nariz verde-azulada, afilados dientes blancos y grandes ojos amarillos? ¡Es Horrible Monstruo verde! Pasa las páginas de este libro y míralo crecer. Luego cuando estés listo para mostrarle quién manda aquí sigue pasando las páginas y hazlo desaparecer. Ed Emberley ha escrito, diseñado e ilustrado más de 80 libros para niños. 20 de los cuales continúan imprimiéndose. Vive cerca de la ciudad de Boston, en Massachussets, EUA. Con ¡Fuera de aquí, horrible monstruo verde! se hizo acreedor a la prestigiada Medalla Caldecott.', '217.50', 3, 3),
(26, 'El Principito', 'Antoine De Saint-Exupéry', 'El principito narra la historia de un piloto que, mientras intenta reparar su avión averiado en medio del desierto del Sahara, se topa con un pequeño príncipe proveniente del asteroide B 612, que le pide insistentemente que le dibuje un cordero y que nunca olvida una pregunta. El piloto empezará a descubrir la fascinante historia del principito, que comienza en su asteroide, donde vivía con tres volcanes, uno inactivo, y se entretenía en arrancar las malas hierbas y ver puestas de sol. Un día en el suelo del asteroide del principito nace una flor. El principito la cuida y atiende con dedicación, pero la flor es dramática y caprichosa, y esto le molesta. El principito entonces decide abandonar su asteroide y emprender un viaje por el universo en busca de un amigo.', '70.00', 3, 3),
(27, 'Sapiens de Animales a Dioses', 'Yuval Noah Harari Dr', 'El libro de no ficcion del año. Un best seller internacional con mas de un millon de ejemplares vendidos. Lucido e iluminador: la historia de la humanidad en un solo volumen. Este es el fascinante relato de nuestra extraordinaria historia: de simios sin importancia a amos del mundo. Hace 100.000 anos, al menos seis especies de humanos habitaban la Tierra. Hoy solo queda una, la nuestra: homo sapiens.', '403.10', 3, 3),
(28, 'The Prince and the Dressmaker', 'Jen Wang', 'Reseña A Washington Post Mejor novela gráfica de 2018 A NPR Mejor libro de 2018 A Boston Globe Mejor libro para niños de 2018 A Publishers Weekly Mejores libros del año Ganador conjunto del Premio Harvey 2018 al Mejor libro para niños o adultos jóvenes 2019 Children\'s and Teen Choice Book Awards Teen Book of el año \"Hay tanto amor en las ilustraciones de Wang, que se adaptan perfectamente a la naturaleza de cuento de hadas del libro ... es completamente satisfactorio. En los cuentos de hadas modernos, realmente hay finales felices\". - New York Times \"Déjalo a un artista tan talentoso para crear esta carta de amor al diseño estético frente a la historia de una relación floreciente entre costurera y príncipe \". ―Washington Post, de sus \"10 mejores novelas gráficas de 2018\" \"Los dibujos animados de Jen Wang están llenos de calidez y encanto\".', '240.40', 3, 3),
(29, 'Cronicas De Narnia 2', 'Clive Staples Lewis', 'Narnia, la tierra donde todo puede suceder. Cuatro niños que viven en una casa solitaria descubren un armario que da acceso a Narnia, un país congelado en un invierno eterno y sin Navidad. Cumpliendo con las viejas profecías, los niños–junto con el león Aslan- liberarán al país de la tiranía de la Bruja Blanca.Las Crónicas de Narnia es un clásico de la literatura infantil.', '218.00', 3, 3),
(30, 'The Troop', 'Nick Cutter', 'Este \"sombrío microcosmos de terror y desesperación inquietante\" (Christopher Golden, autor de bestsellers del New York Times) sigue a una tropa de exploradores en una lucha aterradora por la supervivencia cuando se encuentran con un extraño misterioso y mortal en la naturaleza canadiense. Una vez al año, el Scoutmaster Tim Riggs lleva a una tropa de niños a la naturaleza canadiense para un viaje de campamento de fin de semana, una tradición tan reconfortante y confiable como una buena historia de fantasmas alrededor de una fogata rugiente. Pero cuando un intruso inesperado se topa con su campamento, sorprendentemente delgado, inquietantemente pálido y vorazmente hambriento, Tim y los niños se ven expuestos a algo mucho más aterrador que cualquier historia de terror. El portador humano de una pesadilla de bioingeniería. Un horror que se propaga más rápido que el miedo. Una lucha desgarradora por la supervivencia sin escapar de los elementos, los infectados ... o entre sí.', '382.78', 3, 3),
(31, 'Home Before Dark', '', 'Maggie Holt está acostumbrada a tales preguntas. Hace veinticinco años, ella y sus padres, Ewan y Jess, se mudaron a Baneberry Hall, una finca victoriana en los bosques de Vermont. Pasaron tres semanas allí antes de huir en la oscuridad de la noche, una terrible experiencia que Ewan relató más tarde en un libro de no ficción llamado House of Horrors. Su historia de sucesos fantasmales y encuentros con espíritus malévolos se convirtió en un fenómeno mundial, rivalizando con The Amityville Horror en popularidad y escepticismo.\n\nHoy en día, Maggie es una restauradora de casas antiguas y es demasiado joven para recordar cualquiera de los eventos mencionados en el libro de su padre. Pero ella tampoco cree una palabra de eso. Los fantasmas, después de todo, no existen. Cuando Maggie hereda Baneberry Hall después de la muerte de su padre, regresa para renovar el lugar para prepararlo para la venta. Pero su regreso a casa es todo menos cálido. Gente del pasado, narrada en House of Horrors, acecha en las sombras. Y los lugareños no están encantados de que su pequeña ciudad se haya hecho famosa gracias al padre de Maggie. Aún más desconcertante es el propio Baneberry Hall, un lugar lleno de reliquias de otra época que insinúan una historia de hechos oscuros. A medida que Maggie experimenta sucesos extraños directamente del libro de su padre, comienza a creer que lo que escribió era más un hecho que una ficción.', '422.39', 3, 3),
(32, 'EL LICENCIADO', ' J. Jesús Lemus', 'Jesús Lemus es un periodista de alta peligrosidad… para Felipe Calderón. Chamuco TV. El licenciado, de Jesús Lemus: una historia tremenda, de la cual habremos de seguir hablando. Carmen Aristegui. Jesús Lemus, periodista y escritor en su libro El licenciado nos habla de Genaro García Luna; su historia, andanzas, corrupción, mafias, servicio a los capos y los cárteles en ese sexenio de criminalidad y ambiente funerario: el de Felipe Calderón. Julio Astillero. El licenciado le pondrá un clavito más al ataúd político de Felipe Calderón. Vicente Serrano. Salpicado de historias y detalles, amena y ágil su lectura: El licenciado, un libro sobre la historia criminal de Genaro García Luna. Ricardo Ravelo.', '175.00', 4, 4),
(33, 'Una corte de alas y ruina', 'Maas Sarah', 'Feyre regresa a la Corte Primavera, decidida a reunir información sobre los planes de Tamlin y del rey invasor que amenaza con destruir Prythian. Para esto deberá someterse  a un letal y peligroso juego de engaño, en el que un simple error podría condenar no solo a Feyre sino también a todo el mundo a su alrededor. A medida que la guerra avanza sin tregua, Feyre deberá determinar en cuáles de los deslumbrantes Altos Lores puede confiar y salir a buscar aliados en los lugares más inesperados.', '200.00', 4, 4),
(34, 'Eleanor & Park', 'Rainbow Rowell', 'La novela de Rainbow Rowell cuenta la historia de dos adolescentes que viven en un barrio marginado. Por un lado, tenemos a Park. Un chico callado, con muchas inquietudes culturales y que siente pasión por la música. Por otro, a Eleanor, quien llega nueva a un barrio en el que lo que primero llama la atención es su peculiar aspecto. Un hecho tan cotidiano como viajar en autobús, unirá a nuestros protagonistas quienes crecerán y disfrutarán juntos de cómics, libros, música y descubrirán el significado del primer amor puro, arrollador, verdadero y único.\nComo he comentado arriba, un hecho tan cotidiano como montar en autobús, se convierte en el motor de esta tierna historia. La novela comienza con la llegada de Eleanor. Es la chica nueva, la chica diferente.  Acaba de reencontrarse con su familia, después de estar un año fuera y le toca afrontar una vida nueva, empezar de cero. Un nuevo instituto, un nuevo entorno y ningún amigo para echarle una mano.  De hecho sólo tiene a sus hermanos pequeños. Lo único que quiere es pasar desapercibida y… sobrevivir.', '192.00', 4, 4),
(35, 'Bowie', 'María Hesse', 'No muestro lealtad a ningún estilo. Simplemente escogeré aquel que me permita transmitir lo que quiero en ese momento. David Bowie es mucho más que un cantante que vendió ciento treinta y seis millones de discos, mucho más que un artista que experimentó con multitud de estilos y definió la cultura pop. Como dijo su biógrafo David Buckley, «cambió más vidas que ninguna otra figura pública». Con su perturbador alter ego, Ziggy Stardust, y canciones como Starman o Space Oddity, desafió las reglas de la música y se convirtió en icono de su generación y referente de las generaciones presentes y futuras. Su larga carrera artística está íntimamente ligada a su biografía personal. Este libro se adentra en todos los aspectos de su vida, en sus enigmas y anécdotas. Como un jeroglífico, Bowie es un misterio que todos queremos desvelar, y nadie mejor que María Hesse, la autora del fenómeno Frida, para acometer este desafío. Hoy Bowie sigue fascinando más que nunca.', '150.50', 4, 4),
(36, 'La cúpula', 'Stephen King', 'Es una soleada mañana de otoño en la pequeña ciudad de Chester\'s Mill. Claudette Sanders disfruta de su clase de vuelo y Dale Barbara, Barbie para los amigos, hace autostop en las afueras. Ninguno de los dos llegará a su destino. De repente, una barrera invisible ha caído sobre la ciudad como una burbuja cristalina e inquebrantable. Al descender, ha cortado por la mitad a una marmota y ha amputado la mano a un jardinero. El avión que pilotaba Claudette ha chocado contra la cúpula y se ha precipitado al suelo envuelto en llamas. Dale Barbara, veterano de la guerra de Irak, ha de regresar a Chester\'s Mill, el lugar que tanto deseaba abandonar. El ejército pone a Barbie al cargo de la situación pero Big Jim Rennie, el hombre que tiene un pie en todos los negocios sucios de la ciudad, no está de acuerdo: la cúpula podría ser la respuesta a sus plegarias. A medida que la comida, la electricidad y el agua escasean, los niños comienzan a tener premoniciones escalofriantes. El tiempo se acaba para aquellos que viven bajo la cúpula. ¿Podrán averiguar qué ha creado tan terrorífica prisión antes de que sea demasiado tarde?', '199.99', 4, 4),
(37, 'History Is All You Left Me', 'Adam Silvera', 'Cuando el primer amor y ex novio de Griffin, Theo, muere en un accidente por ahogamiento, su universo se derrumba. Aunque Theo se había mudado a California para ir a la universidad y comenzó a ver a Jackson, Griffin nunca dudó que Theo volvería con él cuando fuera el momento adecuado. Pero ahora, el futuro que se había estado imaginando se ha desviado mucho.\n\nPara empeorar las cosas, la única persona que realmente comprende su dolor es Jackson. Pero no importa cuánto se abran el uno al otro, la espiral descendente de Griffin continúa. Se está perdiendo en sus compulsiones obsesivas y elecciones destructivas, y los secretos que ha estado guardando lo están destrozando.\n\nSi Griffin alguna vez va a reconstruir su futuro, primero debe confrontar su historia, hasta la última pieza desgarradora del rompecabezas de su vida.', '249.99', 4, 4),
(38, 'El hombre en busca de sentido', 'Viktor E. Frankl', 'El doctor Frankl, psiquiatra y escritor, suele preguntar a sus pacientes aquejados de múltiples padecimientos: «¿Por qué no se suicida usted? Y muchas veces, de las respuestas extrae una orientación para la psicoterapia a aplicar: a éste, lo que le ata a la vida son los hijos al otro, un talento, una habilidad sin explotar a un tercero, quizás, sólo unos cuantos recuerdos que merece la pena rescatar del olvido. Tejer estas tenues hebras de vidas rotas en una urdimbre firme, coherente, significativa y responsable es el objeto con que se enfrenta la logoterapia. En esta obra, Viktor E. Frankl explica la experiencia que le llevó al descubrimiento de la logoterapia. Prisionero, durante mucho tiempo, en los desalmados campos de concentración, él mismo sintió en su propio ser lo que significaba una existencia desnuda. ¿Cómo pudo él que todo lo había perdido, que había visto destruir todo lo que valía la pena, que padeció hambre, frío, brutalidades sin fin, que tantas veces estuvo a punto del exterminio, cómo pudo aceptar que la vida fuera digna de vivirla? El psiquiatra que personalmente ha tenido que enfrentarse a tales rigores merece que se le escuche, pues nadie como él para juzgar nuestra condición humana sabia y compasivamente. Las palabras del doctor Frankl alcanzan un temple sorprendentemente esperanzador sobre la capacidad humana de trascender sus dificultades y descubrir la verdad conveniente y orientadora.', '199.99', 4, 4),
(39, 'Radio Silence', 'Alice Oseman', 'De la aclamada autora Alice Oseman llega una novela juvenil contemporánea inteligentemente elaborada, perfecta para los lectores que aman Fangirl de Rainbow Rowell. Esta es una novela adolescente absolutamente cautivadora y auténtica del autor de Solitaire, que según VOYA \"podría colocarla entre los grandes autores de ficción para adultos jóvenes\".\n\nEn un mundo decidido a callarlos, derribarlos y ponerlos en un camino de vida como un molde, Frances y Aled luchan por encontrar sus voces en el transcurso de un año que les cambia la vida. ¿Tendrán el coraje de mostrarles a todos quiénes son realmente? ¿O se encontrarán con el silencio de radio?', '249.50', 4, 4),
(40, 'Quintillizas Vol.5', 'Haruba Negi', 'Después de la excursión, Futaro está hospitalizado por unos días e Itsuki lo visita. Futaro le cuenta lo de la vez que conoció a esa niña en Kioto hace cinco años. Ya que sale del hospital, Raiha lo convence de que le regale algo a Yotsuba como agradecimiento de todo lo que hizo por él en la excursión, y terminan saliendo a varios lados, hasta que van al parque favorito de Yotsuba, donde tienen un bonito momento. Luego, como se avecinan los exámenes de fin de curso, Futaro trata de hacer que las cinco estudien, pero una pelea entre Nino e Itsuki hace que ambas se vayan de casa', '99.99', 4, 4),
(41, 'Coraline. Novela gráfica', 'Neil Gaiman', 'Al día siguiente de mudarse de casa, Coraline explora las catorce puertas de su nuevo hogar. Trece se pueden abrir con normalidad, pero la decimocuarta está cerrada y tapiada. Cuando por fin consigue abrirla, Coraline se encuentra con un pasadizo secreto que la conduce a otra casa tan parecida a la suya que resulta escalofriante. Sin embargo, hay ciertas diferencias que llaman su atención: la comida es más rica, los juguetes son tan desconocidos como maravillosos y, sobre todo, hay otra madre y otro padre que quieren que Coraline se quede con ellos, se convierta en su hija y no se marche nunca.\n\nPronto Coraline se da cuenta de que, tras los espejos, hay otros niños que han caído en la trampa. Son como almas perdidas, y ahora ella es su única esperanza de salvación. Pero para rescatarlos tendrá también que recuperar a sus verdaderos padres, y cumplir así el desafío que le permitirá volver a su vida anterior.', '199.80', 4, 4),
(42, 'Watchmen: Edición Deluxe', 'Alan Moore', '\"Una obra de despiadado realismo psicológico, es un hito en el medio de la novela gráfica.\" - Revista Time \"WATCHMEN es inigualable.\" -Rolling Stone \"Notablemente ... los aspirantes a héroes de WATCHMEN tienen perfiles psicológicos asombrosamente complejos.\" -New York Times Book Review \"Groundbreaking.\" -USA Today \"Una obra maestra que representa la cúspide del arte. \"La mayor pieza de ficción popular jamás producida\". El co-creador de Lost Damon Lindelof Leer más Sobre el autor Alan Moore es quizás el escritor más aclamado en el medio de las historias gráficas, habiendo ganado innumerables premios por obras como Watchmen, V de Vendetta, Swamp Thing y Miracleman. También es el cerebro de la línea de los Mejores Cómics de América, a través de la cual ha creado (junto con muchos ilustradores de talento) La Liga de los Caballeros Extraordinarios, Prometeo, Tom Strong, Historias del Mañana y Top Ten. Como uno de los innovadores más importantes del medio desde principios de los 80, Moore ha influido en toda una generación de creadores de cómics, y su trabajo sigue inspirando a un público cada vez mayor.', '699.99', 4, 4);

-- --------------------------------------------------------

--
-- Estructura de tabla para la tabla `usuarios`
--

CREATE TABLE `usuarios` (
  `id` int(10) UNSIGNED NOT NULL,
  `usuario` varchar(20) COLLATE utf8_spanish_ci NOT NULL,
  `telefono` varchar(12) COLLATE utf8_spanish_ci NOT NULL,
  `correo` varchar(50) COLLATE utf8_spanish_ci NOT NULL,
  `contrasena` varchar(60) COLLATE utf8_spanish_ci NOT NULL
) ENGINE=MyISAM DEFAULT CHARSET=utf8 COLLATE=utf8_spanish_ci;

--
-- Volcado de datos para la tabla `usuarios`
--

INSERT INTO `usuarios` (`id`, `usuario`, `telefono`, `correo`, `contrasena`) VALUES
(7, 'JosueVRojas', '9993654853', 'JosueAlfredoVRojas@gmail.com', '21232f297a57a5a743894a0e4a801fc3'),
(8, 'Armando', '8574589652', 'armando@gmail.com', 'c893bad68927b457dbed39460e6afd62');

--
-- Índices para tablas volcadas
--

--
-- Indices de la tabla `categoria`
--
ALTER TABLE `categoria`
  ADD PRIMARY KEY (`id`);

--
-- Indices de la tabla `libro`
--
ALTER TABLE `libro`
  ADD PRIMARY KEY (`id`),
  ADD KEY `fk_libro_categoria_idx` (`categoria_id`);

--
-- Indices de la tabla `usuarios`
--
ALTER TABLE `usuarios`
  ADD PRIMARY KEY (`id`);

--
-- AUTO_INCREMENT de las tablas volcadas
--

--
-- AUTO_INCREMENT de la tabla `categoria`
--
ALTER TABLE `categoria`
  MODIFY `id` tinyint(4) UNSIGNED NOT NULL AUTO_INCREMENT, AUTO_INCREMENT=5;

--
-- AUTO_INCREMENT de la tabla `libro`
--
ALTER TABLE `libro`
  MODIFY `id` int(10) UNSIGNED NOT NULL AUTO_INCREMENT, AUTO_INCREMENT=43;

--
-- AUTO_INCREMENT de la tabla `usuarios`
--
ALTER TABLE `usuarios`
  MODIFY `id` int(10) UNSIGNED NOT NULL AUTO_INCREMENT, AUTO_INCREMENT=9;
COMMIT;

/*!40101 SET CHARACTER_SET_CLIENT=@OLD_CHARACTER_SET_CLIENT */;
/*!40101 SET CHARACTER_SET_RESULTS=@OLD_CHARACTER_SET_RESULTS */;
/*!40101 SET COLLATION_CONNECTION=@OLD_COLLATION_CONNECTION */;
